label,pixel1,pixel2,pixel3,pixel4,pixel5,pixel6,pixel7,pixel8,pixel9,pixel10,pixel11,pixel12,pixel13,pixel14,pixel15,pixel16,pixel17,pixel18,pixel19,pixel20,pixel21,pixel22,pixel23,pixel24,pixel25,pixel26,pixel27,pixel28,pixel29,pixel30,pixel31,pixel32,pixel33,pixel34,pixel35,pixel36,pixel37,pixel38,pixel39,pixel40,pixel41,pixel42,pixel43,pixel44,pixel45,pixel46,pixel47,pixel48,pixel49,pixel50,pixel51,pixel52,pixel53,pixel54,pixel55,pixel56,pixel57,pixel58,pixel59,pixel60,pixel61,pixel62,pixel63,pixel64,pixel65,pixel66,pixel67,pixel68,pixel69,pixel70,pixel71,pixel72,pixel73,pixel74,pixel75,pixel76,pixel77,pixel78,pixel79,pixel80,pixel81,pixel82,pixel83,pixel84,pixel85,pixel86,pixel87,pixel88,pixel89,pixel90,pixel91,pixel92,pixel93,pixel94,pixel95,pixel96,pixel97,pixel98,pixel99,pixel100,pixel101,pixel102,pixel103,pixel104,pixel105,pixel106,pixel107,pixel108,pixel109,pixel110,pixel111,pixel112,pixel113,pixel114,pixel115,pixel116,pixel117,pixel118,pixel119,pixel120,pixel121,pixel122,pixel123,pixel124,pixel125,pixel126,pixel127,pixel128,pixel129,pixel130,pixel131,pixel132,pixel133,pixel134,pixel135,pixel136,pixel137,pixel138,pixel139,pixel140,pixel141,pixel142,pixel143,pixel144,pixel145,pixel146,pixel147,pixel148,pixel149,pixel150,pixel151,pixel152,pixel153,pixel154,pixel155,pixel156,pixel157,pixel158,pixel159,pixel160,pixel161,pixel162,pixel163,pixel164,pixel165,pixel166,pixel167,pixel168,pixel169,pixel170,pixel171,pixel172,pixel173,pixel174,pixel175,pixel176,pixel177,pixel178,pixel179,pixel180,pixel181,pixel182,pixel183,pixel184,pixel185,pixel186,pixel187,pixel188,pixel189,pixel190,pixel191,pixel192,pixel193,pixel194,pixel195,pixel196,pixel197,pixel198,pixel199,pixel200,pixel201,pixel202,pixel203,pixel204,pixel205,pixel206,pixel207,pixel208,pixel209,pixel210,pixel211,pixel212,pixel213,pixel214,pixel215,pixel216,pixel217,pixel218,pixel219,pixel220,pixel221,pixel222,pixel223,pixel224,pixel225,pixel226,pixel227,pixel228,pixel229,pixel230,pixel231,pixel232,pixel233,pixel234,pixel235,pixel236,pixel237,pixel238,pixel239,pixel240,pixel241,pixel242,pixel243,pixel244,pixel245,pixel246,pixel247,pixel248,pixel249,pixel250,pixel251,pixel252,pixel253,pixel254,pixel255,pixel256,pixel257,pixel258,pixel259,pixel260,pixel261,pixel262,pixel263,pixel264,pixel265,pixel266,pixel267,pixel268,pixel269,pixel270,pixel271,pixel272,pixel273,pixel274,pixel275,pixel276,pixel277,pixel278,pixel279,pixel280,pixel281,pixel282,pixel283,pixel284,pixel285,pixel286,pixel287,pixel288,pixel289,pixel290,pixel291,pixel292,pixel293,pixel294,pixel295,pixel296,pixel297,pixel298,pixel299,pixel300,pixel301,pixel302,pixel303,pixel304,pixel305,pixel306,pixel307,pixel308,pixel309,pixel310,pixel311,pixel312,pixel313,pixel314,pixel315,pixel316,pixel317,pixel318,pixel319,pixel320,pixel321,pixel322,pixel323,pixel324,pixel325,pixel326,pixel327,pixel328,pixel329,pixel330,pixel331,pixel332,pixel333,pixel334,pixel335,pixel336,pixel337,pixel338,pixel339,pixel340,pixel341,pixel342,pixel343,pixel344,pixel345,pixel346,pixel347,pixel348,pixel349,pixel350,pixel351,pixel352,pixel353,pixel354,pixel355,pixel356,pixel357,pixel358,pixel359,pixel360,pixel361,pixel362,pixel363,pixel364,pixel365,pixel366,pixel367,pixel368,pixel369,pixel370,pixel371,pixel372,pixel373,pixel374,pixel375,pixel376,pixel377,pixel378,pixel379,pixel380,pixel381,pixel382,pixel383,pixel384,pixel385,pixel386,pixel387,pixel388,pixel389,pixel390,pixel391,pixel392,pixel393,pixel394,pixel395,pixel396,pixel397,pixel398,pixel399,pixel400,pixel401,pixel402,pixel403,pixel404,pixel405,pixel406,pixel407,pixel408,pixel409,pixel410,pixel411,pixel412,pixel413,pixel414,pixel415,pixel416,pixel417,pixel418,pixel419,pixel420,pixel421,pixel422,pixel423,pixel424,pixel425,pixel426,pixel427,pixel428,pixel429,pixel430,pixel431,pixel432,pixel433,pixel434,pixel435,pixel436,pixel437,pixel438,pixel439,pixel440,pixel441,pixel442,pixel443,pixel444,pixel445,pixel446,pixel447,pixel448,pixel449,pixel450,pixel451,pixel452,pixel453,pixel454,pixel455,pixel456,pixel457,pixel458,pixel459,pixel460,pixel461,pixel462,pixel463,pixel464,pixel465,pixel466,pixel467,pixel468,pixel469,pixel470,pixel471,pixel472,pixel473,pixel474,pixel475,pixel476,pixel477,pixel478,pixel479,pixel480,pixel481,pixel482,pixel483,pixel484,pixel485,pixel486,pixel487,pixel488,pixel489,pixel490,pixel491,pixel492,pixel493,pixel494,pixel495,pixel496,pixel497,pixel498,pixel499,pixel500,pixel501,pixel502,pixel503,pixel504,pixel505,pixel506,pixel507,pixel508,pixel509,pixel510,pixel511,pixel512,pixel513,pixel514,pixel515,pixel516,pixel517,pixel518,pixel519,pixel520,pixel521,pixel522,pixel523,pixel524,pixel525,pixel526,pixel527,pixel528,pixel529,pixel530,pixel531,pixel532,pixel533,pixel534,pixel535,pixel536,pixel537,pixel538,pixel539,pixel540,pixel541,pixel542,pixel543,pixel544,pixel545,pixel546,pixel547,pixel548,pixel549,pixel550,pixel551,pixel552,pixel553,pixel554,pixel555,pixel556,pixel557,pixel558,pixel559,pixel560,pixel561,pixel562,pixel563,pixel564,pixel565,pixel566,pixel567,pixel568,pixel569,pixel570,pixel571,pixel572,pixel573,pixel574,pixel575,pixel576,pixel577,pixel578,pixel579,pixel580,pixel581,pixel582,pixel583,pixel584,pixel585,pixel586,pixel587,pixel588,pixel589,pixel590,pixel591,pixel592,pixel593,pixel594,pixel595,pixel596,pixel597,pixel598,pixel599,pixel600,pixel601,pixel602,pixel603,pixel604,pixel605,pixel606,pixel607,pixel608,pixel609,pixel610,pixel611,pixel612,pixel613,pixel614,pixel615,pixel616,pixel617,pixel618,pixel619,pixel620,pixel621,pixel622,pixel623,pixel624,pixel625,pixel626,pixel627,pixel628,pixel629,pixel630,pixel631,pixel632,pixel633,pixel634,pixel635,pixel636,pixel637,pixel638,pixel639,pixel640,pixel641,pixel642,pixel643,pixel644,pixel645,pixel646,pixel647,pixel648,pixel649,pixel650,pixel651,pixel652,pixel653,pixel654,pixel655,pixel656,pixel657,pixel658,pixel659,pixel660,pixel661,pixel662,pixel663,pixel664,pixel665,pixel666,pixel667,pixel668,pixel669,pixel670,pixel671,pixel672,pixel673,pixel674,pixel675,pixel676,pixel677,pixel678,pixel679,pixel680,pixel681,pixel682,pixel683,pixel684,pixel685,pixel686,pixel687,pixel688,pixel689,pixel690,pixel691,pixel692,pixel693,pixel694,pixel695,pixel696,pixel697,pixel698,pixel699,pixel700,pixel701,pixel702,pixel703,pixel704,pixel705,pixel706,pixel707,pixel708,pixel709,pixel710,pixel711,pixel712,pixel713,pixel714,pixel715,pixel716,pixel717,pixel718,pixel719,pixel720,pixel721,pixel722,pixel723,pixel724,pixel725,pixel726,pixel727,pixel728,pixel729,pixel730,pixel731,pixel732,pixel733,pixel734,pixel735,pixel736,pixel737,pixel738,pixel739,pixel740,pixel741,pixel742,pixel743,pixel744,pixel745,pixel746,pixel747,pixel748,pixel749,pixel750,pixel751,pixel752,pixel753,pixel754,pixel755,pixel756,pixel757,pixel758,pixel759,pixel760,pixel761,pixel762,pixel763,pixel764,pixel765,pixel766,pixel767,pixel768,pixel769,pixel770,pixel771,pixel772,pixel773,pixel774,pixel775,pixel776,pixel777,pixel778,pixel779,pixel780,pixel781,pixel782,pixel783,pixel784
0,197,195,196,195,197,196,195,196,196,196,200,199,196,198,197,197,198,197,197,198,198,198,199,198,198,195,195,195,197,196,197,197,199,199,198,198,198,197,202,200,199,198,198,200,198,196,199,199,196,199,198,198,198,197,198,197,197,198,199,198,198,201,200,197,200,202,201,200,200,200,199,201,201,198,198,201,198,199,198,199,199,197,197,197,200,200,199,200,200,201,199,200,191,183,201,195,191,197,198,194,196,204,204,203,205,199,198,199,200,198,198,198,201,199,200,201,202,199,199,212,182,115,113,171,162,143,176,184,162,148,184,183,181,198,205,201,199,200,199,199,201,201,201,202,200,202,200,207,189,105,43,147,165,98,95,175,147,82,83,147,112,107,150,204,201,200,200,199,202,202,202,202,197,202,188,169,191,124,69,113,152,92,64,149,126,72,66,141,108,61,73,141,210,200,200,201,203,201,203,204,197,195,179,143,163,168,95,71,138,91,52,135,121,58,77,147,105,53,89,109,147,212,198,200,203,202,203,204,200,193,180,150,121,141,98,53,126,86,38,126,141,60,69,159,124,63,103,146,83,164,213,198,203,203,203,205,201,191,175,149,112,96,74,66,115,72,30,136,131,49,98,165,141,124,112,115,85,96,218,199,203,203,204,205,200,191,184,168,134,91,79,74,87,64,45,113,106,109,166,161,146,129,106,83,67,100,215,200,205,206,206,207,202,196,189,177,163,124,80,69,65,88,100,101,144,178,173,165,149,119,102,86,55,126,217,201,206,206,206,208,203,201,195,182,175,160,105,72,77,95,102,143,178,182,183,173,148,114,94,82,50,159,218,202,207,208,207,208,200,200,205,191,188,179,140,105,105,96,122,166,182,191,197,175,140,111,91,73,67,200,209,205,207,208,208,209,200,190,211,203,201,191,165,143,137,112,133,168,177,195,200,172,134,105,91,62,118,217,204,206,208,209,209,209,207,179,202,212,209,196,178,164,155,141,135,164,185,196,188,162,120,100,90,65,181,212,207,206,209,209,209,207,213,178,188,213,213,202,188,173,164,154,146,149,177,193,178,154,108,98,74,88,214,207,207,207,209,209,208,207,214,189,164,208,215,210,195,181,172,161,147,141,158,175,161,134,102,95,56,129,223,207,208,209,210,210,210,209,210,212,158,191,215,211,190,179,171,161,146,141,150,163,145,112,94,81,63,190,215,209,210,209,209,209,211,212,207,218,178,173,214,207,176,173,171,157,151,138,133,144,133,101,91,54,131,222,210,209,211,210,210,210,212,212,210,217,193,182,210,208,183,184,185,163,153,130,118,121,125,98,75,85,207,211,211,211,212,211,210,210,212,214,213,215,199,188,214,213,191,191,197,166,152,131,113,110,117,94,60,168,219,211,213,213,213,213,210,211,212,212,212,215,199,177,212,214,202,195,194,164,149,130,115,105,115,82,77,206,214,214,214,213,213,213,210,209,211,211,213,217,200,172,213,213,205,190,183,161,143,130,121,99,110,73,102,217,209,215,215,214,214,214,210,208,209,210,212,216,202,184,211,215,204,190,178,163,146,130,123,100,102,64,125,227,210,214,214,214,214,214,210,210,209,211,212,214,195,202,206,205,202,187,176,162,148,127,118,96,96,61,143,225,210,213,213,214,214,214,211,211,209,211,212,213,191,197,200,202,196,177,170,161,146,126,111,90,91,60,163,216,209,212,212,212,213,213,211,211,209,211,214,211,186,191,201,204,197,171,158,154,145,126,105,85,84,65,182,213,211,212,212,213,213,213
1,146,149,150,150,151,152,152,153,153,154,153,153,154,154,154,154,154,155,154,154,154,154,153,153,151,150,150,150,151,152,152,154,154,155,155,155,156,157,157,157,157,157,156,156,156,157,161,157,156,156,155,154,154,153,153,153,153,155,156,158,158,158,158,158,159,160,160,161,160,159,158,160,160,158,142,159,161,159,158,157,156,156,155,154,156,158,159,161,160,161,161,162,161,162,162,162,163,169,139,130,168,166,100,148,170,162,161,159,159,159,158,157,158,160,161,162,164,165,165,165,165,166,166,166,166,181,127,114,175,156,94,153,155,162,163,163,162,161,161,160,161,162,163,166,167,167,167,167,168,167,166,148,157,181,113,130,178,137,99,164,122,128,172,165,165,163,163,162,163,165,166,168,170,169,170,171,169,170,175,125,125,158,109,143,184,130,114,175,125,111,176,166,166,166,165,164,166,167,169,170,172,172,171,173,171,173,178,112,123,147,117,152,181,128,130,181,121,113,179,169,169,169,168,167,168,169,171,172,173,173,173,174,173,176,172,107,129,131,114,146,165,114,143,183,114,119,181,171,173,172,171,171,169,171,173,174,174,173,174,176,174,181,169,112,124,127,96,143,156,104,160,184,117,131,183,174,175,173,172,172,171,174,175,175,176,177,176,178,176,187,164,105,113,146,95,155,162,111,173,166,108,146,185,175,176,175,174,173,173,175,177,178,178,179,179,180,177,189,171,109,96,130,79,153,139,122,181,162,104,159,183,177,178,178,177,174,175,176,177,179,180,181,182,182,178,188,169,110,109,149,112,147,138,131,175,159,107,175,182,180,179,179,178,176,177,178,178,180,182,182,183,182,181,193,168,135,116,149,177,173,175,138,122,151,112,185,182,182,181,180,179,179,177,179,181,182,183,184,184,183,188,193,155,127,103,91,138,144,169,175,121,96,125,192,182,183,183,183,181,181,179,181,183,183,185,185,185,183,195,193,155,117,98,95,99,111,182,198,161,77,135,196,183,185,184,184,183,183,180,181,184,184,185,185,184,183,199,189,151,115,107,109,124,157,165,185,173,104,151,195,184,186,185,185,184,184,181,182,185,186,187,187,185,185,199,185,152,119,112,115,145,186,173,157,144,111,121,196,187,187,187,187,185,185,182,184,186,186,187,188,187,187,200,186,154,129,118,126,176,192,168,150,120,91,116,198,188,189,189,188,186,185,184,185,186,188,188,188,188,188,199,186,153,136,121,135,189,198,163,137,110,78,143,199,188,190,189,189,188,186,185,186,187,189,188,189,189,189,195,186,158,146,126,130,190,192,155,125,100,83,171,196,190,191,192,191,189,189,185,187,188,188,189,191,190,190,192,186,161,152,132,127,193,176,147,114,87,117,198,192,192,192,193,192,190,190,185,188,190,189,190,190,191,192,195,189,163,153,127,137,186,162,142,106,82,164,201,193,194,194,193,192,191,191,186,189,190,190,191,190,192,188,198,189,170,153,121,145,161,141,129,91,101,196,195,196,197,196,195,194,192,192,185,187,188,189,191,191,189,187,198,197,184,152,128,149,145,133,119,81,144,204,194,196,197,196,196,195,193,193,186,187,188,188,189,191,186,191,192,188,179,150,139,144,135,128,97,98,190,196,195,196,197,196,195,195,194,193,186,188,189,189,190,190,184,188,169,166,171,146,137,127,123,104,86,169,202,195,196,196,196,194,194,192,192,193,184,188,191,189,192,184,180,187,159,146,156,142,122,112,106,83,136,205,196,197,197,196,196,195,194,194,190,187
2,177,180,181,182,183,184,184,184,184,182,184,183,184,184,181,178,175,176,176,176,175,174,175,174,173,171,169,167,179,181,182,184,185,184,185,185,185,183,183,185,183,179,182,194,198,184,175,178,180,176,173,176,174,173,171,169,181,182,183,186,186,185,186,186,187,186,187,181,188,204,220,223,209,197,178,133,137,166,180,173,175,174,172,170,183,184,184,186,186,187,188,187,188,186,180,207,231,223,227,207,172,146,139,101,91,103,165,177,174,175,172,172,183,184,186,188,188,188,189,187,187,189,185,242,229,223,197,149,114,103,96,91,98,75,135,185,175,176,174,173,183,185,188,189,190,189,190,190,191,183,207,250,224,178,129,94,77,84,80,80,84,85,151,183,176,178,176,174,183,188,190,189,190,190,192,192,194,184,224,245,201,120,86,74,77,86,99,137,136,159,182,180,179,179,177,174,185,189,189,190,191,191,193,194,195,185,240,232,163,93,80,85,83,119,173,191,191,187,183,182,181,180,177,176,187,189,191,192,193,193,194,197,188,208,248,183,113,69,73,76,88,180,193,184,186,184,183,183,181,181,179,176,189,191,193,193,195,195,197,196,193,246,220,140,87,74,70,68,96,185,189,189,186,184,184,184,182,182,180,178,191,193,194,195,196,196,199,189,235,255,192,130,100,93,88,68,108,195,189,189,187,185,186,185,183,183,182,180,192,194,196,198,197,197,199,201,255,237,175,121,100,99,94,80,127,202,188,190,189,187,188,187,185,183,182,180,193,195,197,197,198,201,194,225,255,218,152,113,106,103,94,85,136,200,190,192,190,189,188,188,185,183,182,181,193,197,199,198,199,203,193,250,255,202,140,107,102,95,94,86,142,201,192,192,192,191,190,190,188,189,188,182,195,198,200,201,203,202,204,255,247,188,133,104,97,95,98,90,152,202,193,193,193,192,192,184,174,154,161,187,198,199,201,202,207,194,240,255,229,176,125,100,97,97,97,82,152,205,193,195,193,194,182,162,164,117,144,189,199,201,202,204,204,203,255,255,215,168,121,97,92,89,90,82,116,210,196,196,201,182,155,170,135,124,189,185,201,202,204,207,199,229,255,247,202,157,115,94,84,84,93,95,84,179,208,203,181,145,167,147,109,180,190,186,202,202,204,207,200,255,255,234,194,155,114,92,83,88,94,98,88,110,185,170,140,154,157,115,129,197,188,188,204,204,204,205,214,255,255,227,194,149,112,95,86,93,88,91,93,86,96,124,159,161,134,112,173,197,190,189,203,204,208,202,234,255,250,230,195,146,123,100,94,100,95,98,100,96,108,147,164,149,120,168,197,193,191,190,204,207,208,206,255,255,249,232,200,160,129,101,102,112,116,118,116,109,116,156,143,125,174,203,196,194,192,189,205,209,205,222,255,255,247,227,186,152,130,108,108,121,129,125,112,112,118,131,127,183,205,198,198,195,193,191,206,210,203,242,255,255,242,208,163,131,122,114,115,124,130,124,114,108,106,124,187,208,201,200,198,196,193,191,207,205,213,255,254,241,215,173,138,126,119,113,119,124,125,120,105,129,169,193,206,202,202,200,197,194,191,189,205,215,255,255,233,216,187,140,134,131,122,118,118,116,113,108,140,203,211,205,203,203,202,201,197,193,191,189,202,239,255,231,212,223,170,125,138,129,123,124,112,110,129,169,207,209,204,205,205,203,202,202,199,196,193,191,189,211,249,218,212,225,141,120,132,127,127,114,129,179,207,216,210,208,208,207,206,204,203,202,199,199,201,202
3,178,183,185,189,192,194,197,198,200,200,200,201,200,200,200,199,198,199,198,195,195,194,193,192,191,193,105,65,180,184,187,191,194,196,198,200,203,203,203,203,203,202,202,200,201,191,177,200,197,196,196,194,198,172,76,72,181,185,189,192,195,197,200,202,203,204,204,204,204,205,203,201,204,202,126,185,203,197,197,194,201,150,70,86,183,187,191,194,197,199,203,204,205,206,206,206,206,205,204,204,207,214,122,163,209,198,198,195,200,167,87,95,184,188,192,197,199,201,204,206,207,207,208,208,206,205,208,205,209,208,112,157,212,200,200,198,201,188,100,92,186,190,194,198,201,203,205,208,209,210,210,210,211,208,203,204,218,213,117,158,213,201,201,200,199,204,117,69,188,193,197,200,203,206,207,210,212,214,212,203,201,239,222,159,200,218,123,158,215,203,203,202,199,208,155,48,189,194,198,202,205,207,209,211,213,208,232,243,206,187,228,163,153,171,109,162,216,205,205,204,202,206,182,123,190,196,200,203,206,208,210,211,218,218,217,212,229,162,163,196,189,137,87,171,215,206,207,206,205,206,192,129,193,198,202,204,207,210,212,211,231,241,225,143,171,178,126,203,204,168,105,164,222,207,207,206,204,209,186,126,195,199,202,205,209,212,213,214,230,190,211,156,125,202,155,110,159,211,177,135,179,215,208,208,206,208,201,170,196,200,204,207,210,213,215,215,234,168,158,186,119,169,169,92,99,196,208,159,122,217,210,209,208,206,206,198,197,201,206,209,211,215,218,218,233,206,165,155,132,105,109,100,79,158,213,155,126,217,212,211,210,209,207,202,197,202,207,209,213,216,219,220,243,215,159,118,104,100,101,107,77,168,233,156,127,221,213,213,212,211,209,207,197,202,206,209,212,216,218,223,241,195,150,119,104,104,125,114,129,206,229,155,131,224,213,214,213,211,209,207,198,203,207,211,214,218,219,224,246,214,167,128,115,121,138,159,220,220,206,147,123,219,215,215,213,212,210,208,198,204,208,212,216,219,220,225,250,219,168,132,117,123,157,222,235,211,173,130,122,220,217,216,215,212,211,209,199,204,209,212,216,218,220,227,250,221,179,150,132,126,188,247,229,191,150,107,144,228,216,218,216,215,212,210,198,203,207,211,215,218,219,225,245,224,188,154,137,134,212,251,217,172,139,91,177,227,216,217,215,214,212,210,199,203,207,212,215,218,220,220,240,229,190,158,156,145,216,245,202,159,123,99,209,221,218,216,216,213,211,209,199,203,208,212,215,218,222,220,234,231,202,182,177,142,211,231,185,146,106,125,226,218,218,217,217,214,212,211,199,204,210,213,215,218,221,220,231,235,212,183,182,145,203,214,169,136,92,162,232,218,219,218,217,214,213,211,198,203,209,213,216,216,220,221,233,243,218,186,174,140,186,187,147,124,89,198,224,217,217,217,216,215,213,211,202,207,213,216,220,223,229,218,238,242,212,184,154,134,169,150,136,108,129,234,225,225,225,224,223,222,221,217,157,158,161,165,166,171,164,191,254,230,209,184,153,147,158,130,131,97,138,170,165,167,167,165,164,163,163,163,125,127,128,128,128,131,114,205,254,226,210,189,172,161,139,123,111,101,116,114,112,111,109,107,104,104,108,94,138,139,139,139,140,139,140,238,242,208,184,186,180,146,124,111,96,115,127,125,131,130,126,130,128,120,104,72,137,137,137,136,139,131,164,248,240,194,163,170,163,133,116,100,98,126,126,125,130,127,125,120,100,80,67,62
4,221,221,222,222,222,224,223,220,220,219,218,219,218,217,217,215,214,212,210,210,210,209,208,207,206,207,205,202,223,224,224,223,223,224,223,223,223,221,220,220,217,218,218,216,217,214,212,210,211,212,211,210,207,207,207,204,224,226,225,226,226,226,225,224,223,224,221,223,220,219,218,215,217,215,212,212,212,211,212,211,209,208,207,206,227,227,226,226,226,227,226,227,225,225,224,226,221,213,220,224,218,217,223,217,211,212,211,210,210,210,209,207,228,228,227,228,227,228,227,224,219,207,191,187,208,181,155,184,205,181,166,207,221,216,212,210,211,210,210,208,229,230,229,231,228,227,223,246,241,199,176,107,129,189,131,81,178,177,105,110,210,200,218,217,212,212,210,208,230,231,232,231,232,225,235,244,234,210,157,96,90,168,121,70,151,162,114,72,79,119,131,203,219,212,210,209,233,232,233,234,232,226,250,240,219,210,135,86,100,165,111,58,147,155,105,80,48,82,67,112,227,210,211,211,234,233,233,234,234,228,246,221,202,209,163,135,94,190,167,55,140,210,140,79,53,93,73,100,224,211,214,214,235,234,235,235,235,229,250,236,184,206,214,155,107,229,179,53,149,255,156,79,69,147,105,124,227,213,216,216,236,235,235,237,236,230,255,255,225,181,180,109,96,202,147,45,133,221,145,82,107,178,159,102,210,219,216,216,238,237,236,239,234,242,255,224,198,169,133,97,69,98,71,141,211,160,154,169,152,168,153,86,148,230,214,217,237,238,237,240,233,253,252,221,188,145,117,108,92,76,60,158,234,174,171,190,170,169,149,127,99,210,221,216,237,239,238,241,236,255,255,240,215,171,116,90,80,80,80,85,179,178,162,179,166,143,180,168,95,162,231,214,239,240,240,241,237,255,255,239,217,155,110,100,91,83,88,103,126,123,149,156,96,156,208,189,125,111,230,216,241,242,242,240,241,255,255,247,212,147,111,115,90,83,94,109,125,135,172,188,151,163,217,200,140,75,208,224,243,242,243,241,245,255,255,240,187,153,120,112,90,88,138,181,205,217,217,209,219,166,170,169,134,66,168,233,243,243,244,240,244,255,255,233,194,165,110,112,124,180,219,227,223,213,210,189,185,174,126,128,117,72,134,237,244,246,244,244,255,255,255,228,198,174,134,158,184,226,224,222,221,207,194,178,160,162,121,112,112,81,115,238,245,246,247,238,180,205,243,237,211,196,151,182,192,215,234,219,209,199,186,175,156,144,120,106,108,60,139,237,247,245,255,179,73,81,99,170,197,168,149,162,201,197,218,206,200,197,179,152,139,129,103,94,65,98,223,225,250,250,251,114,81,85,73,66,48,63,69,86,134,161,193,195,192,180,150,130,125,107,88,54,84,219,230,224,246,255,178,77,84,76,77,79,27,20,42,38,37,55,81,131,172,163,139,119,107,86,51,79,220,235,228,227,253,246,99,77,76,69,69,78,46,4,33,41,40,34,28,28,54,90,108,94,77,41,94,223,237,231,232,229,255,164,72,83,65,64,64,78,47,0,23,35,37,32,30,29,24,23,39,39,41,129,233,238,230,231,231,229,235,92,82,69,65,58,64,75,32,0,21,33,32,27,27,29,28,27,21,0,116,255,231,235,234,232,233,229,126,74,72,47,127,68,48,75,10,2,22,29,25,22,26,25,25,25,13,4,22,218,244,237,235,233,233,231,83,74,58,55,91,103,59,41,0,11,23,21,18,17,20,23,26,24,6,8,0,193,249,234,236,233,233,232
5,152,155,158,159,162,164,164,165,166,167,168,167,168,168,167,167,168,168,169,168,168,168,169,169,168,168,167,166,155,157,160,162,164,166,167,168,169,169,169,170,169,170,170,174,170,170,171,171,171,171,171,170,170,172,170,169,156,159,162,165,165,167,169,170,170,171,171,171,171,173,161,148,176,172,172,172,174,173,173,173,172,172,172,171,157,161,164,166,168,169,170,172,171,172,172,174,171,187,157,108,177,174,175,175,175,175,175,175,174,174,173,172,159,162,165,167,170,171,172,165,172,174,175,171,191,176,122,146,180,176,177,177,176,179,179,178,177,176,175,174,161,163,167,169,171,170,184,141,136,183,173,186,205,118,127,183,178,177,176,176,177,168,171,181,178,177,176,176,162,165,168,171,173,174,195,119,131,184,175,204,165,107,177,180,177,181,190,186,178,119,139,189,178,179,178,177,164,167,169,172,172,185,173,102,173,179,181,173,115,145,187,177,182,200,185,141,134,128,171,183,180,181,181,179,165,168,171,174,172,198,151,119,186,179,167,130,107,181,180,174,188,172,118,119,169,183,184,181,182,182,182,181,166,169,171,175,173,201,152,126,188,177,156,122,118,190,164,173,144,102,142,187,187,184,183,183,183,183,182,181,166,169,172,175,175,200,146,126,190,171,153,127,126,177,157,162,96,138,195,185,185,185,184,185,185,184,183,183,167,170,173,176,176,191,172,125,177,177,158,101,142,146,155,138,103,180,188,186,187,185,189,186,186,185,184,184,169,171,174,177,177,181,194,150,140,172,142,103,111,121,148,115,137,193,186,188,187,187,177,186,188,187,186,185,169,172,175,177,180,174,190,187,131,135,125,117,96,110,123,114,173,191,183,183,194,196,161,138,194,186,187,186,169,172,175,177,181,178,180,204,170,125,104,97,100,102,100,123,176,183,183,192,191,161,183,138,169,195,187,188,168,171,173,177,178,179,179,204,185,134,96,92,95,94,102,131,142,176,180,149,126,131,160,163,127,174,191,187,168,171,175,176,177,180,178,198,190,133,92,92,92,89,99,124,126,135,131,109,151,181,174,152,116,170,191,187,170,172,175,178,178,180,179,197,195,139,93,87,88,88,96,108,105,100,138,176,187,173,165,113,166,194,187,187,170,172,175,177,178,180,178,193,198,144,95,85,88,90,90,96,92,160,196,191,175,172,113,135,201,187,189,188,169,173,175,176,178,181,177,190,199,151,99,84,87,90,91,90,88,182,196,181,172,140,95,174,194,190,190,189,173,177,180,181,184,188,182,190,202,159,106,84,87,87,96,112,123,131,162,179,172,109,135,198,189,191,190,190,121,127,129,134,139,143,140,189,201,167,116,85,88,88,96,115,139,138,132,178,149,111,184,195,193,193,194,196,90,89,89,91,95,92,96,191,198,171,122,87,85,96,116,135,149,143,128,156,120,101,119,121,125,128,130,131,99,99,101,100,100,99,102,186,198,173,127,96,86,100,134,149,147,126,103,110,102,98,95,97,97,92,85,91,98,98,102,103,104,99,104,181,192,168,131,109,92,96,139,146,136,109,92,96,108,111,111,108,103,123,153,170,98,98,97,98,101,96,113,193,190,166,138,116,96,88,127,133,121,94,94,106,109,104,98,120,160,190,182,186,98,98,98,99,101,93,129,204,189,162,136,108,92,85,108,109,100,93,104,108,103,103,158,197,193,177,157,149,98,98,98,99,101,91,143,197,183,152,117,93,87,85,95,93,91,100,108,106,112,182,210,187,175,162,144,135
6,192,193,193,194,195,196,194,195,195,194,195,195,195,195,195,195,196,196,195,194,193,194,192,191,191,190,190,165,194,194,195,195,195,196,196,196,197,196,196,196,197,197,197,196,196,197,197,195,194,195,193,192,192,192,190,182,195,196,197,196,196,197,197,196,197,197,198,198,199,199,198,197,197,198,199,197,197,196,195,195,193,194,191,189,195,196,198,198,198,197,197,197,198,199,200,200,200,198,198,198,200,200,200,199,199,197,197,195,196,194,192,191,196,197,199,199,199,198,197,198,198,199,200,200,200,200,200,199,200,201,201,200,199,198,199,197,196,195,195,194,196,199,200,200,200,199,200,200,199,199,200,202,202,202,202,199,196,195,192,191,186,173,166,178,181,189,198,196,198,200,200,200,200,201,203,203,202,202,203,203,198,192,191,184,184,190,198,192,181,168,154,156,153,174,198,195,200,199,200,199,201,201,202,203,200,195,192,187,183,191,193,183,178,180,183,173,153,136,131,139,155,192,198,196,198,200,201,202,202,201,201,193,184,176,175,180,184,185,175,154,138,129,129,137,148,164,181,194,200,201,201,199,199,200,202,203,202,200,195,193,184,166,150,145,139,123,114,108,112,147,184,199,206,206,205,203,204,204,201,201,200,200,199,199,197,193,194,193,187,175,141,106,88,91,108,139,184,205,207,206,206,204,204,204,204,203,203,201,199,199,195,190,189,190,190,191,194,179,134,97,83,87,125,205,208,205,205,203,203,202,204,205,203,202,202,201,200,193,186,188,189,188,192,198,188,142,110,95,86,91,94,146,203,208,205,202,202,203,203,203,203,202,201,201,192,187,189,189,186,188,195,195,187,167,137,96,81,94,96,85,119,201,208,204,204,205,204,203,203,202,202,201,187,192,188,185,190,193,191,193,203,196,159,104,81,87,107,105,88,127,211,205,205,207,204,204,203,202,202,202,195,192,190,188,187,190,192,196,206,185,139,99,87,84,87,98,98,88,193,209,207,206,205,204,204,203,202,202,188,193,193,189,188,191,191,190,193,177,134,94,87,90,81,84,87,109,200,209,207,207,206,205,204,203,203,202,195,194,189,185,184,180,180,182,189,186,153,101,76,89,89,94,84,187,211,209,208,208,207,205,205,203,203,203,192,190,188,185,184,181,184,189,197,197,161,102,78,73,94,97,86,191,204,204,204,204,203,202,202,204,205,207,185,186,192,191,186,187,190,191,199,183,140,95,85,83,78,95,98,115,124,125,124,127,151,180,203,208,215,214,186,189,189,184,182,182,176,166,173,148,121,100,93,87,86,95,101,95,93,104,121,166,195,208,218,208,203,208,189,188,181,174,174,165,154,149,147,129,110,101,98,93,87,94,104,112,147,197,204,188,188,190,195,209,206,198,172,173,173,167,156,146,141,135,129,116,102,100,101,98,106,149,171,189,204,198,191,182,167,172,181,188,187,187,155,151,152,147,139,129,118,109,107,108,103,104,102,136,204,222,213,198,188,172,161,163,160,152,155,160,166,172,127,115,112,111,108,100,98,101,102,102,102,123,177,215,212,198,192,182,165,148,142,144,152,144,142,149,159,164,96,89,85,89,94,98,102,102,96,125,178,215,223,215,196,182,177,173,148,135,138,136,144,140,139,144,155,157,86,91,92,98,101,102,102,97,145,207,224,217,205,191,180,175,173,168,134,121,133,129,135,142,137,137,148,151,101,101,99,100,102,102,96,144,214,204,205,190,192,176,168,171,173,165,129,110,124,129,133,137,131,136,140,145
7,125,127,130,134,138,142,145,147,150,151,153,155,155,157,157,157,157,157,157,157,156,155,155,154,154,152,151,150,127,129,131,135,139,144,147,149,150,153,155,156,156,157,157,157,158,158,158,157,157,156,156,155,155,154,153,152,128,129,132,136,141,145,148,150,151,154,156,158,159,158,158,159,159,160,159,159,158,158,157,156,156,155,154,153,130,130,133,137,142,146,150,151,153,155,155,158,161,159,161,162,162,161,162,161,160,159,159,159,158,157,155,154,130,132,136,140,143,146,151,153,154,157,159,160,161,160,162,163,162,164,165,163,159,158,158,157,159,159,158,155,132,133,137,142,145,147,152,154,156,157,160,161,162,163,166,165,163,160,154,151,133,164,177,134,161,161,160,156,133,134,138,142,146,149,153,155,157,157,161,162,162,159,153,150,153,144,137,139,128,152,151,113,158,158,157,161,133,135,141,143,146,151,153,158,161,161,160,154,144,128,118,133,146,144,125,114,105,103,119,125,175,177,118,160,134,136,142,145,149,151,155,152,141,142,143,141,134,128,118,110,114,96,103,119,122,121,129,140,162,152,103,160,136,137,142,147,150,157,161,145,134,137,125,123,122,120,104,100,102,117,143,160,140,132,124,112,97,110,143,165,136,137,142,145,154,169,158,141,140,136,123,124,138,139,124,121,108,124,134,136,116,99,87,98,124,157,169,164,137,140,141,152,167,160,148,149,142,111,93,115,129,126,114,115,109,93,101,85,86,104,138,169,174,171,166,166,138,137,149,166,156,151,153,147,141,102,91,101,90,87,75,75,73,74,93,125,155,174,175,169,169,169,168,167,136,148,165,161,159,157,146,146,143,125,95,78,59,46,78,101,119,144,170,179,175,172,171,172,171,170,169,168,160,168,163,162,162,149,143,141,142,142,115,79,67,56,112,181,185,178,175,173,173,172,172,172,171,171,169,170,168,165,162,156,149,142,142,141,141,125,104,82,68,71,61,76,158,178,174,176,175,174,173,172,172,171,171,170,166,165,153,146,141,136,132,125,119,114,98,78,57,70,76,54,83,183,174,177,176,176,176,174,173,173,172,171,170,155,146,140,134,128,124,120,116,114,103,79,55,59,80,71,75,182,177,178,178,177,177,176,174,174,173,172,141,155,141,135,129,123,123,122,125,126,116,81,59,56,56,62,57,142,185,178,179,178,178,177,176,175,173,173,53,112,138,133,129,125,122,120,117,116,100,78,66,66,52,50,49,104,191,177,179,178,178,178,177,176,175,174,41,36,78,130,136,129,124,117,109,99,84,74,73,72,63,58,76,150,187,179,181,179,178,178,177,176,176,176,41,38,26,59,125,132,120,109,104,96,81,71,69,74,53,131,184,185,182,182,182,181,180,179,178,177,177,176,37,35,34,23,52,112,104,94,79,75,60,48,59,59,108,189,183,182,184,183,183,183,182,180,180,179,177,176,34,31,30,29,24,47,71,62,91,80,35,49,70,124,185,184,182,184,184,184,183,183,183,181,180,180,179,177,32,27,25,25,27,19,7,55,173,165,126,144,172,189,184,184,185,185,185,185,184,183,183,183,181,180,179,178,25,18,22,22,28,19,36,165,179,178,188,189,186,183,185,186,185,185,185,185,185,184,184,184,183,182,181,178,26,40,15,21,29,25,149,180,173,177,178,182,183,185,185,185,185,185,185,185,185,184,184,184,183,182,181,179,20,48,38,24,20,57,180,170,175,178,180,182,183,185,184,184,185,185,185,185,185,184,184,183,183,183,179,178
8,187,188,188,190,191,190,191,190,190,190,190,188,188,189,191,190,189,189,188,187,186,185,183,182,181,180,179,178,190,191,192,192,193,194,193,193,193,194,195,191,191,193,194,193,192,192,191,189,187,187,187,185,184,182,181,181,193,193,195,194,195,196,195,196,197,187,186,197,193,195,195,195,195,195,194,191,190,190,189,188,186,186,185,183,194,195,196,196,196,198,199,196,200,174,109,190,199,196,196,195,195,196,195,194,193,192,191,190,189,188,187,185,197,198,198,198,199,200,200,201,194,142,85,188,204,199,198,198,198,198,198,196,195,195,194,192,191,190,189,187,199,198,200,200,200,201,200,202,185,116,101,207,199,201,200,200,201,201,200,197,198,197,196,194,193,192,192,190,200,201,201,202,202,202,203,199,171,88,144,215,200,203,202,201,201,202,201,200,200,198,197,196,195,195,194,192,201,202,202,202,203,203,204,201,158,70,175,211,203,204,204,203,203,203,203,202,200,201,201,199,198,197,196,195,204,204,205,204,204,205,206,198,158,76,179,213,204,207,204,210,208,210,209,202,201,201,200,200,202,199,198,197,204,205,206,206,206,206,208,193,146,72,186,214,207,181,133,158,206,169,176,211,207,211,198,158,198,201,200,198,205,207,207,208,208,208,210,192,146,74,164,219,195,176,142,99,126,133,96,160,184,155,191,138,149,214,198,201,207,208,209,208,209,209,211,197,177,116,132,220,188,191,166,122,86,137,101,111,157,114,122,171,107,193,208,199,208,209,209,212,211,210,214,203,185,142,120,200,184,196,180,138,81,118,101,150,152,120,88,169,129,101,193,208,209,210,210,212,211,211,212,210,185,151,151,157,163,184,190,139,84,94,97,166,141,100,73,146,159,112,101,184,211,212,212,212,213,212,213,211,196,185,173,148,147,140,190,140,104,63,96,159,139,90,56,117,178,141,81,149,213,212,214,215,214,214,215,210,203,190,150,128,128,120,176,150,108,51,107,152,126,77,47,150,185,128,77,190,213,214,215,215,215,215,217,213,199,167,126,105,94,81,146,180,136,67,109,147,106,49,49,164,176,93,114,219,214,216,216,216,216,215,218,213,196,181,154,121,91,73,100,203,189,101,100,157,93,54,109,171,150,75,175,216,216,217,217,217,217,215,218,210,196,192,167,115,85,78,108,190,190,116,102,128,118,139,139,166,106,86,215,207,216,217,217,217,217,218,219,207,194,200,163,116,98,80,136,197,132,73,101,129,150,151,114,125,71,124,225,206,216,217,218,217,219,218,221,208,195,197,160,133,100,91,138,174,149,151,173,169,150,141,95,82,62,192,217,210,215,216,216,217,218,218,219,209,197,191,165,132,100,106,171,196,202,209,194,164,147,124,81,49,160,223,211,212,215,215,215,217,217,216,219,204,189,195,177,129,105,129,194,202,201,201,176,155,132,108,50,136,226,211,212,212,216,216,218,218,218,218,220,208,187,190,177,140,112,155,200,205,211,192,165,142,121,66,112,226,211,212,210,210,216,216,219,218,218,219,220,214,190,186,177,150,114,163,187,191,196,176,151,127,82,81,215,217,214,213,210,209,217,217,218,218,218,219,220,216,194,190,178,145,119,156,180,170,167,146,128,91,63,193,222,214,216,213,212,211,216,218,218,218,218,218,221,214,196,187,173,148,135,150,176,160,148,121,86,58,174,227,215,217,215,214,213,211,215,216,217,218,218,217,220,209,194,179,167,160,144,142,168,148,125,98,54,161,230,215,219,217,217,215,213,211
10,106,107,110,119,124,129,133,136,141,143,145,145,147,148,149,148,147,145,147,149,148,147,144,143,144,142,140,138,107,110,114,121,126,131,135,138,143,145,147,148,149,150,150,148,171,124,110,155,149,150,148,145,144,143,142,140,110,111,115,121,128,133,136,140,143,146,147,149,152,152,149,156,186,126,83,154,150,151,150,147,145,144,143,142,109,113,116,122,129,135,138,141,143,146,149,149,153,154,148,161,191,141,75,151,151,149,149,148,146,144,143,142,111,113,118,124,130,136,138,142,143,148,150,153,154,154,150,164,198,149,78,151,152,150,150,150,147,146,144,142,114,116,119,128,134,134,139,145,153,148,155,149,151,158,153,173,205,155,82,150,154,153,152,151,150,148,147,145,114,116,122,130,131,156,160,108,123,161,175,93,116,169,152,180,206,154,83,151,158,156,154,154,152,149,149,147,116,119,125,133,132,173,151,69,41,104,133,61,81,171,152,187,207,140,72,153,161,157,157,157,154,152,150,149,118,121,128,134,137,149,115,60,44,50,113,66,31,156,160,197,202,141,60,152,162,160,160,158,156,155,153,150,121,124,126,135,141,147,134,77,49,69,125,80,8,113,180,202,182,128,54,148,168,162,161,159,159,157,155,152,123,125,130,137,143,146,153,152,105,89,142,100,55,40,174,173,147,103,44,142,171,163,163,163,161,160,157,155,124,127,133,139,144,150,154,158,161,114,146,119,97,46,64,94,113,101,39,144,174,167,165,165,163,162,159,157,125,130,134,141,148,153,158,156,164,148,146,162,132,112,49,37,71,81,43,153,175,167,168,166,164,163,162,160,126,131,135,143,149,154,158,166,170,127,52,140,177,138,107,50,43,63,40,135,179,167,169,169,167,165,165,163,128,132,137,146,151,156,154,172,179,155,71,48,174,166,132,101,45,44,30,110,185,170,171,171,169,168,166,165,129,134,141,147,150,166,165,123,185,158,100,37,165,188,139,128,61,26,18,93,188,172,172,172,170,168,168,167,131,136,140,148,151,189,197,112,145,147,88,107,212,176,151,132,71,26,9,102,189,173,174,174,172,171,169,167,132,137,144,152,153,200,199,131,88,147,102,147,231,168,132,126,80,35,12,76,188,175,177,176,175,173,170,168,136,139,146,154,157,173,186,148,85,180,155,152,213,187,142,106,80,44,14,71,191,177,178,177,177,175,173,171,136,140,147,155,160,167,194,143,110,199,148,105,207,180,151,100,64,49,11,97,195,176,179,178,178,176,175,174,137,142,149,157,163,164,210,146,181,165,71,90,206,172,134,94,59,50,15,120,194,179,180,180,180,178,176,175,140,144,150,160,166,164,185,212,180,95,18,173,197,162,122,83,50,50,20,132,195,181,183,183,181,180,178,176,139,145,153,161,166,171,173,213,207,152,127,206,183,147,111,73,50,51,26,155,193,183,184,183,182,180,179,178,141,146,155,163,168,172,172,200,217,208,171,186,169,132,99,73,60,51,41,182,191,187,185,185,184,183,181,180,142,148,155,163,167,173,174,183,213,197,149,155,153,125,104,82,68,45,67,200,190,189,187,186,185,185,183,181,142,148,155,164,168,174,191,192,209,188,121,146,155,152,136,103,78,36,101,206,190,191,189,189,187,184,184,183,143,149,158,165,171,175,84,66,192,190,180,183,156,177,168,125,75,28,138,206,192,192,191,190,187,185,184,183,143,149,158,162,180,132,0,0,184,207,195,168,158,175,159,108,57,35,170,201,193,194,193,191,188,187,186,184
11,197,197,197,197,198,198,198,198,197,196,199,197,193,192,190,188,188,186,184,182,180,179,177,174,171,174,123,60,201,201,202,202,202,202,203,203,202,205,183,194,201,197,195,193,192,190,188,187,184,182,181,177,179,121,47,49,205,205,206,207,207,206,207,208,206,213,159,135,207,201,200,197,196,194,193,191,189,186,183,186,157,70,62,53,208,209,209,209,209,209,209,209,211,205,168,107,168,214,204,203,201,199,197,195,193,190,186,194,133,65,71,58,211,212,212,211,212,213,213,213,213,214,184,129,121,216,208,206,205,204,202,199,197,195,190,196,128,60,55,58,214,214,215,216,217,217,217,217,216,220,197,143,99,190,217,209,209,207,207,203,201,198,193,201,109,57,52,58,217,217,218,218,219,218,219,219,219,222,209,166,112,151,225,212,212,210,208,206,204,202,198,204,98,52,45,51,220,220,221,221,221,220,221,222,222,222,223,193,125,120,224,216,214,212,211,209,207,205,205,194,79,51,45,58,222,222,223,223,224,224,224,224,224,226,220,191,143,100,198,225,216,216,214,212,210,207,208,193,82,51,49,66,223,223,225,225,225,226,226,227,226,228,225,186,157,113,149,230,217,219,218,215,212,210,209,204,122,67,51,67,226,227,227,226,227,227,228,229,229,228,233,207,179,148,102,220,227,220,219,218,215,212,211,204,152,131,74,73,229,230,230,229,230,230,230,230,231,231,231,225,184,174,126,169,216,224,221,221,218,215,213,207,180,185,161,106,231,232,231,231,232,233,233,232,232,233,234,231,203,208,208,122,134,233,221,221,220,217,208,201,194,179,151,118,233,233,233,233,234,234,234,236,234,236,225,211,225,225,196,121,94,215,227,221,221,213,205,202,184,139,113,141,234,235,235,236,236,236,235,236,238,232,207,210,211,182,128,127,95,177,242,223,222,206,209,189,142,113,120,161,236,237,237,237,237,238,237,238,232,211,197,215,230,175,93,103,112,109,207,227,190,189,195,143,144,209,175,158,237,238,238,238,238,239,240,238,215,213,171,120,171,160,104,91,109,96,99,137,157,179,150,146,221,217,202,150,238,239,239,239,240,240,238,221,222,219,160,116,114,150,128,90,100,109,93,125,166,160,124,210,220,215,204,130,237,239,239,239,240,242,230,219,214,168,149,143,116,114,134,93,89,120,110,128,157,117,162,231,215,217,207,131,237,238,239,239,240,242,228,210,185,131,96,123,116,71,118,109,77,141,131,123,129,120,218,218,217,225,193,160,238,238,239,240,240,243,236,211,194,146,105,95,84,59,100,115,89,114,126,124,100,180,230,225,216,184,163,163,238,238,239,240,240,239,242,219,189,179,164,116,86,83,114,134,112,112,155,117,103,228,226,172,114,127,164,164,243,245,247,248,249,248,252,242,194,181,169,144,119,104,134,164,128,135,139,90,137,189,113,74,64,124,175,162,167,171,175,179,183,187,193,193,193,180,174,154,126,113,122,165,162,139,113,85,90,80,69,71,66,87,175,166,130,129,129,131,131,129,129,123,153,187,164,148,129,122,117,135,135,120,92,81,73,77,78,60,68,60,122,178,139,140,141,141,145,150,145,151,140,163,158,144,137,129,114,108,106,89,75,76,70,67,80,52,62,61,63,125,137,138,139,138,139,139,141,143,133,170,182,154,143,126,110,99,98,80,64,70,61,59,78,52,57,58,61,59,136,137,138,137,137,140,144,142,135,190,200,182,156,128,113,104,98,72,58,65,55,52,75,49,55,55,61,58
12,156,157,159,160,161,163,164,163,163,163,163,161,161,163,159,158,158,157,156,156,156,154,153,153,153,150,149,151,155,158,160,161,163,164,164,164,164,164,165,164,162,162,163,162,161,159,158,157,158,155,155,155,154,152,150,151,157,158,161,163,164,165,165,166,167,167,167,166,163,158,143,156,167,160,161,170,162,157,157,157,154,154,153,152,159,160,163,166,166,166,167,167,167,166,167,165,166,138,89,48,128,135,88,91,154,164,158,155,156,155,154,155,160,162,164,166,167,168,168,168,169,168,170,170,152,107,79,22,109,105,70,0,49,160,155,166,158,157,155,155,161,165,166,167,168,167,169,170,168,161,123,146,136,113,47,51,144,97,72,23,88,102,61,98,166,158,158,157,164,164,166,169,168,168,170,169,172,161,104,110,169,144,34,95,171,109,68,60,105,82,37,0,83,171,157,157,164,165,168,169,171,172,169,178,195,168,115,100,186,113,23,136,184,95,65,105,114,72,34,16,1,150,162,156,165,167,169,170,173,174,168,187,188,166,120,56,81,79,6,85,139,53,48,157,124,91,44,0,0,134,168,158,167,168,169,172,175,172,171,203,178,140,94,51,0,0,0,41,88,48,85,198,129,84,20,0,0,138,166,160,168,169,170,173,174,172,191,182,168,117,64,48,0,0,105,155,152,134,148,128,72,26,2,0,0,150,165,160,168,169,171,175,170,182,205,167,126,102,100,45,3,139,180,161,149,119,134,133,57,56,52,20,13,165,163,160,168,171,173,175,169,199,200,161,120,90,133,81,155,190,161,148,149,133,126,135,95,54,61,12,73,179,162,162,170,172,173,176,175,205,197,171,166,124,118,157,179,186,159,152,154,124,125,121,80,33,28,0,110,178,164,164,172,173,174,175,180,206,199,181,171,155,141,161,160,175,156,154,144,116,127,102,52,20,6,0,150,170,164,165,173,174,176,177,182,203,201,187,168,150,139,145,153,161,152,149,131,125,110,74,30,11,0,19,176,165,166,166,172,175,177,177,181,203,204,184,153,133,142,143,153,166,154,142,125,106,71,37,11,5,0,53,188,165,168,168,173,176,176,176,181,192,183,159,141,143,151,148,166,167,148,126,111,82,43,21,8,0,0,120,183,169,168,168,176,177,178,180,183,190,187,182,180,168,149,142,172,154,128,99,88,61,30,20,3,0,66,180,169,171,170,168,175,177,180,179,191,205,203,192,180,165,144,135,164,140,104,79,66,37,27,0,0,69,179,171,171,172,172,170,176,178,181,181,199,202,197,185,169,151,143,138,149,121,89,67,46,28,0,8,112,185,175,173,172,173,172,170,178,179,179,183,208,200,192,180,159,141,142,145,135,107,77,48,24,0,57,168,184,174,176,174,174,175,174,171,172,177,174,189,203,191,177,169,161,133,135,138,118,93,62,29,0,66,187,181,176,176,176,175,175,174,173,173,185,184,172,199,185,173,161,162,147,133,134,124,94,69,49,2,35,174,177,176,179,176,174,174,173,173,169,171,61,131,189,187,161,153,145,142,142,143,129,116,82,55,31,0,125,184,177,179,177,176,175,175,174,173,171,170,0,0,172,178,151,136,137,142,152,131,112,106,70,41,5,20,175,182,180,179,178,176,176,175,175,174,173,170,21,8,35,98,100,90,100,126,137,114,98,87,57,28,0,88,193,180,182,180,179,177,176,175,175,175,173,173,11,22,0,0,0,0,0,0,16,30,47,54,37,6,0,144,188,179,182,181,180,178,176,174,175,173,172,171
13,189,193,195,197,201,206,208,213,215,218,221,221,223,223,225,226,225,225,225,225,227,227,227,227,226,226,226,226,190,195,198,200,204,208,211,215,217,220,223,225,225,226,223,227,234,228,228,231,229,229,230,231,231,230,229,229,191,196,199,203,207,210,215,217,221,224,226,226,226,238,205,159,203,241,231,226,236,234,232,233,233,232,232,233,194,198,201,205,209,213,218,220,223,227,229,227,231,255,229,178,140,218,218,172,160,236,235,234,235,236,236,235,196,200,204,208,212,217,221,222,225,229,231,230,252,255,255,217,174,130,167,190,124,169,249,236,237,238,238,237,198,202,207,211,214,218,223,225,227,230,232,230,242,235,255,241,213,144,117,177,162,127,241,240,238,239,239,239,201,205,208,213,216,220,224,228,230,234,236,230,205,172,239,255,227,169,108,128,166,122,219,248,239,241,241,243,202,206,211,214,220,225,228,231,232,234,230,237,181,144,165,238,227,168,115,98,139,107,184,255,241,244,244,244,204,209,214,217,222,224,228,233,233,239,255,255,183,143,108,156,230,171,115,96,124,103,173,255,243,246,247,246,206,211,216,218,223,228,230,229,231,249,249,250,210,175,130,88,202,182,146,97,114,97,180,255,245,249,249,248,208,212,216,219,223,220,219,221,234,205,132,177,238,206,176,80,130,216,193,109,118,104,189,255,248,252,251,251,210,214,217,223,230,241,250,252,243,182,116,98,213,234,190,117,76,205,198,129,122,116,219,255,252,253,252,252,211,217,220,224,255,255,225,216,218,176,135,80,142,247,195,150,68,118,186,124,126,116,188,255,250,254,254,255,213,220,219,231,255,243,205,172,210,198,150,94,68,220,206,149,107,59,96,86,102,104,110,249,255,253,255,255,216,221,218,232,236,205,182,139,164,218,147,105,45,150,227,163,127,89,117,131,118,113,99,195,255,254,255,255,217,220,224,222,237,207,177,146,116,209,150,117,70,84,216,184,145,106,115,138,136,120,103,206,255,255,255,255,218,222,227,216,249,227,192,168,119,181,165,113,93,84,167,193,192,147,107,138,139,119,119,253,255,255,255,255,218,223,227,221,251,225,201,188,146,140,173,123,108,97,171,197,210,174,115,134,140,103,180,255,255,255,255,255,220,225,227,230,254,235,220,197,145,140,181,159,134,109,202,208,204,182,121,127,134,108,232,255,255,255,255,255,221,225,229,232,251,242,230,203,140,163,166,156,140,134,222,228,225,194,148,131,120,137,255,255,255,255,255,255,222,226,230,233,244,229,235,207,152,171,174,139,164,194,235,227,228,203,163,136,104,188,255,255,255,255,255,255,220,226,230,229,231,228,241,210,164,175,185,155,202,210,238,223,212,182,145,123,111,249,255,252,240,223,232,235,220,226,231,230,222,232,239,211,173,179,184,163,201,214,220,214,190,158,133,102,166,255,227,179,197,218,225,231,221,226,231,234,228,229,226,211,185,181,174,166,189,209,206,184,159,134,116,125,225,160,178,212,210,216,235,255,221,227,231,236,230,220,219,209,190,180,173,172,176,195,191,160,134,121,112,145,169,140,132,191,219,244,228,189,221,227,230,236,228,225,229,215,198,184,178,174,171,186,173,145,125,110,136,157,146,191,139,116,191,246,170,130,223,229,233,238,229,227,230,214,203,190,180,170,165,174,159,134,111,131,229,205,142,150,164,188,105,192,178,132,211,217,223,230,223,221,226,189,172,170,163,151,160,162,139,123,103,139,183,205,162,130,192,233,115,112,200,194
14,215,216,216,216,216,216,216,218,214,218,211,204,210,211,209,207,210,206,200,201,200,198,195,197,181,100,109,146,215,215,217,216,217,217,219,215,222,233,218,204,207,210,203,200,186,194,213,208,199,198,197,199,179,107,114,141,215,216,217,217,219,219,217,223,252,233,217,201,204,197,172,167,178,156,158,181,208,200,198,201,183,98,108,122,215,215,216,217,219,218,221,252,252,208,166,167,169,154,172,154,136,161,139,113,153,203,203,201,195,150,201,196,217,217,218,219,217,215,249,255,214,153,95,89,93,75,138,153,150,129,153,147,104,150,199,205,140,179,223,232,217,218,220,221,217,243,255,231,162,124,79,50,62,55,63,133,147,133,99,125,108,113,147,189,168,244,187,206,217,218,221,218,236,255,246,168,100,58,41,56,58,50,53,56,68,73,66,87,87,101,101,137,188,175,119,234,220,223,222,232,255,255,215,148,109,59,36,36,46,61,58,57,160,138,151,124,77,78,61,138,185,106,130,224,222,225,235,255,255,255,192,133,102,85,50,22,39,54,44,171,240,231,233,224,174,126,113,194,150,120,205,224,224,226,248,255,255,240,182,125,90,71,45,47,46,42,176,238,224,224,223,221,234,196,180,196,116,149,240,215,229,232,249,255,255,230,153,96,84,49,55,63,41,176,244,227,230,228,227,225,222,184,192,191,107,163,199,136,231,232,249,255,255,217,148,96,62,50,54,37,109,242,228,232,233,232,229,233,221,176,193,171,94,159,225,141,236,228,249,255,255,199,147,111,60,42,42,22,177,255,240,243,236,233,235,225,180,165,186,151,95,138,236,178,236,227,255,255,255,194,144,109,62,41,45,38,155,208,191,193,228,243,226,182,194,190,172,149,99,130,233,210,237,229,255,255,251,191,145,111,62,44,53,74,95,107,110,118,137,160,160,187,206,198,180,134,104,205,229,222,232,237,255,255,246,192,151,118,63,43,72,98,102,109,128,145,147,127,154,187,191,178,137,111,211,237,227,225,230,255,255,255,237,185,153,117,71,49,88,103,107,132,158,162,160,152,134,162,170,130,110,210,241,229,230,227,233,255,255,255,225,190,161,118,74,57,107,122,139,159,168,161,141,137,117,130,112,114,219,243,232,235,232,229,237,255,255,251,220,201,170,114,85,73,118,134,152,169,163,154,129,115,112,96,103,230,247,236,237,234,233,230,247,255,255,250,233,211,166,112,102,87,121,137,150,163,150,139,120,108,86,89,218,252,240,240,239,236,233,233,255,255,255,253,233,202,156,119,111,96,119,142,145,153,143,127,112,84,123,223,252,242,244,244,242,237,240,224,255,255,255,246,224,188,147,126,113,101,122,138,144,144,135,112,99,177,255,255,247,247,245,245,241,242,234,92,255,255,255,246,222,182,147,132,115,104,137,132,141,138,122,91,201,255,254,253,252,251,248,246,242,255,169,48,255,255,255,255,221,178,149,135,109,107,148,127,132,113,93,191,255,255,255,255,253,253,252,247,248,240,94,71,255,255,255,244,203,166,146,135,112,110,143,116,97,115,209,255,254,255,255,255,254,253,251,244,255,187,63,72,255,255,247,223,180,143,133,126,107,119,121,82,158,255,255,255,255,255,255,255,251,255,255,255,255,132,62,73,255,254,245,213,161,129,122,116,109,115,95,182,255,255,255,255,255,255,255,255,255,249,211,170,114,75,64,69,254,252,245,221,149,128,125,121,112,95,192,255,255,255,255,255,255,255,255,211,147,109,81,54,47,63,59,63
15,82,82,83,86,87,88,98,110,122,130,139,145,150,151,153,158,165,169,172,177,180,182,185,187,190,192,194,196,82,83,84,85,87,88,98,111,121,130,140,147,150,153,155,160,165,169,173,178,181,184,187,188,191,193,195,196,82,83,81,88,87,87,97,112,123,131,140,147,151,153,155,160,166,171,174,179,182,185,187,189,192,194,195,198,84,76,120,155,122,110,110,113,120,133,141,146,149,154,157,161,166,172,175,179,184,186,188,190,193,195,196,199,84,75,165,157,130,127,124,114,115,126,134,130,123,128,139,153,165,173,177,181,185,187,189,191,195,195,198,200,84,78,118,127,106,106,104,93,115,114,114,110,114,123,117,119,129,145,159,172,184,191,190,193,195,196,199,200,83,83,83,88,83,86,80,78,100,94,94,90,116,126,121,122,123,127,124,114,122,159,195,193,195,198,199,201,81,83,85,84,85,89,94,99,99,97,95,87,108,112,110,108,115,135,133,115,106,90,154,199,196,199,201,203,82,82,83,85,86,90,103,116,126,133,138,136,125,105,92,96,128,144,139,118,116,109,81,170,202,199,201,203,81,82,82,83,84,90,103,115,126,133,148,157,144,120,104,161,148,149,138,122,135,123,94,89,188,202,200,203,81,82,82,84,85,91,104,115,123,158,170,146,121,116,109,179,134,126,121,161,139,138,125,84,107,203,203,205,80,81,82,83,83,89,102,111,140,199,151,115,107,109,83,124,111,82,161,167,125,160,145,107,68,144,210,203,79,81,80,82,82,87,101,109,148,192,119,103,119,127,117,101,84,76,182,124,108,157,156,121,83,74,177,208,79,80,80,81,80,89,103,113,132,164,104,107,133,140,139,111,91,99,123,103,114,152,147,122,88,69,88,174,79,78,78,81,80,89,102,111,139,191,100,107,134,148,139,108,88,102,103,115,127,126,113,101,84,72,70,83,77,78,79,81,80,88,102,111,136,182,179,133,118,124,115,89,88,99,102,109,119,116,87,76,75,73,75,72,77,76,78,79,79,86,101,106,169,178,164,180,132,91,70,69,90,103,105,113,126,121,85,74,73,73,77,78,76,75,77,77,78,86,99,107,160,177,173,174,151,125,72,30,46,70,109,116,121,107,80,75,76,77,77,76,71,71,72,73,74,82,96,109,124,136,163,158,157,135,108,54,34,44,100,123,110,91,82,83,84,83,79,76,101,98,94,93,93,100,109,117,126,133,141,129,122,125,139,101,44,59,83,126,128,112,103,98,93,85,79,79,122,120,119,122,124,122,119,119,116,118,123,122,116,122,177,143,62,75,70,86,120,119,108,95,87,81,77,77,108,108,109,110,109,110,112,106,100,103,106,109,112,102,138,119,100,108,99,97,95,90,88,83,78,75,71,71,115,114,115,116,116,116,118,118,114,115,116,116,117,116,117,114,117,120,119,122,120,96,80,77,73,70,69,70,119,117,117,116,117,116,116,118,117,118,118,117,118,119,118,119,119,117,119,130,145,125,109,87,87,82,74,71,121,118,117,118,119,119,119,119,119,119,118,118,119,119,119,118,119,118,117,118,125,151,112,101,118,114,91,87,118,117,117,118,118,119,119,118,119,119,119,119,120,120,119,118,119,118,117,119,111,194,183,158,152,140,124,107,116,117,116,117,117,118,118,118,119,119,117,118,120,122,122,121,121,121,120,122,112,168,198,187,176,160,129,97,116,115,116,117,117,117,118,118,119,119,119,118,118,120,120,121,122,121,121,120,113,164,193,180,167,159,133,106
16,86,87,89,93,104,114,122,131,137,140,142,146,151,155,159,162,164,166,168,172,173,174,176,179,179,180,181,181,86,87,89,94,105,115,123,132,139,142,144,148,152,156,160,162,166,169,169,172,174,176,177,179,179,180,181,182,85,87,90,95,106,115,124,133,139,143,145,148,154,158,162,162,165,169,172,173,175,177,177,180,180,180,181,181,86,88,90,96,107,116,125,133,140,144,145,148,154,158,159,173,168,166,170,174,179,179,180,180,182,182,182,182,86,88,90,96,108,117,125,134,141,145,146,145,155,161,182,215,180,167,152,135,153,176,183,182,183,185,185,185,85,88,90,97,109,118,126,135,142,144,142,183,201,203,227,218,191,178,153,113,95,109,137,166,182,187,185,185,85,88,89,96,109,118,126,135,142,142,172,239,221,227,227,216,201,168,135,124,96,90,89,97,116,147,178,189,85,88,90,96,108,118,128,138,137,181,228,234,227,225,210,203,189,140,128,143,103,96,96,94,87,88,104,149,86,88,89,96,109,119,129,139,136,209,232,232,227,205,195,186,164,114,134,130,103,102,104,100,94,87,84,85,86,88,88,98,109,119,129,138,136,209,232,234,222,195,186,167,136,104,122,105,108,101,107,104,98,91,87,86,86,88,89,98,109,119,130,134,164,236,233,233,221,194,172,146,112,101,108,94,110,99,108,101,97,93,87,86,85,88,89,98,110,120,130,133,181,238,237,230,212,178,151,125,102,98,99,85,111,102,106,99,96,94,89,88,85,87,89,98,110,121,131,135,170,239,234,225,197,150,129,108,92,100,80,83,104,104,114,115,107,94,88,89,85,87,88,98,110,121,131,137,157,242,231,218,177,124,112,98,70,69,41,87,97,113,127,130,117,92,87,89,84,86,88,99,111,121,131,139,147,236,231,203,146,105,97,82,67,16,16,78,97,125,125,122,118,92,88,91,82,84,87,97,109,119,130,140,138,219,226,181,126,95,80,80,69,14,15,63,117,117,110,116,115,94,93,97,81,83,86,96,109,120,130,139,147,229,206,156,108,86,82,86,62,29,36,117,123,96,109,117,107,101,100,104,81,83,86,97,110,120,130,136,170,229,179,127,101,100,98,101,94,74,111,174,131,85,103,105,100,104,106,106,81,81,84,97,111,119,131,133,201,215,150,98,120,118,113,121,116,96,166,194,155,94,90,90,94,100,102,97,80,80,82,94,110,120,129,138,230,198,121,101,147,134,124,128,131,128,189,205,180,128,82,69,80,89,87,82,77,78,81,93,106,117,126,145,239,173,97,127,163,166,162,147,137,138,190,203,196,172,111,92,87,68,64,60,70,72,76,90,103,115,120,166,234,138,92,146,161,166,172,176,169,178,184,195,191,193,161,105,78,68,75,81,101,102,105,110,119,126,123,205,206,107,109,156,159,163,167,170,169,222,214,179,180,185,163,112,105,121,118,115,114,116,116,114,112,107,107,200,153,101,106,120,118,119,118,117,110,214,243,211,179,166,143,112,117,131,128,122,108,108,107,108,106,101,103,129,118,110,107,109,108,106,105,104,102,229,252,241,226,179,144,96,112,139,133,127,111,110,110,110,110,110,110,110,111,111,111,111,111,111,111,112,116,241,253,250,245,233,232,118,95,115,107,120,111,113,112,113,113,112,112,112,111,111,112,112,112,112,111,109,123,248,252,247,238,238,240,161,79,94,127,117,113,115,115,113,114,114,115,114,113,114,114,114,112,113,112,107,140,255,252,244,238,244,229,157,85,122,141,128
17,118,120,128,135,139,145,149,150,153,156,159,161,164,165,167,168,168,169,170,169,170,170,171,172,172,172,172,172,120,123,131,138,143,148,152,154,158,160,163,165,167,170,170,171,172,173,175,174,175,173,174,175,176,176,176,176,123,126,134,141,147,152,154,158,161,164,167,169,171,172,175,175,174,175,169,179,178,177,177,178,179,180,180,180,123,128,137,143,150,154,157,161,164,168,170,173,175,175,176,178,177,192,125,145,187,179,181,182,183,184,185,184,126,132,140,146,152,157,160,163,167,169,173,176,177,178,179,181,179,158,95,136,193,183,184,184,186,187,185,186,129,134,143,150,154,159,163,167,169,173,177,178,181,182,183,183,188,148,71,152,194,185,188,188,189,190,188,188,132,136,145,152,156,160,164,169,173,176,179,182,183,184,186,185,191,174,92,151,198,189,191,190,190,191,191,191,133,138,146,153,160,164,168,171,175,178,182,183,186,186,186,185,198,190,111,129,201,190,193,192,192,192,193,193,135,141,149,156,162,166,170,174,177,180,184,185,187,187,188,187,204,199,137,104,195,193,195,194,196,197,196,194,136,144,152,158,164,167,172,176,180,182,185,188,189,190,192,191,209,202,159,95,176,201,196,197,197,198,198,199,137,145,154,160,166,170,174,177,182,184,186,190,191,191,191,199,211,208,171,103,151,208,197,199,199,199,199,199,138,147,155,162,167,172,176,181,184,186,190,195,198,177,149,171,214,196,191,126,126,209,199,200,201,200,201,201,141,149,158,163,169,173,178,183,186,189,190,168,184,204,172,124,137,141,187,144,106,201,201,202,203,203,204,205,143,151,159,165,171,175,179,183,187,189,200,177,137,194,172,175,165,149,126,125,96,186,208,204,205,205,205,205,144,152,162,168,172,177,180,184,189,192,201,205,151,131,164,168,200,185,123,93,93,159,214,204,206,206,206,206,147,154,162,168,173,177,182,186,190,198,170,169,148,85,156,118,136,191,167,95,65,137,216,204,207,207,207,207,147,155,162,168,174,179,183,188,192,198,179,166,129,82,153,106,55,187,196,136,61,122,218,205,210,210,210,210,147,156,163,170,177,179,184,189,192,198,207,167,129,99,156,152,53,158,221,169,97,99,216,209,211,212,212,212,149,157,165,172,177,181,187,191,193,200,194,156,138,80,146,168,120,204,198,171,130,94,207,213,211,212,213,212,150,157,166,173,178,183,187,190,195,199,206,179,136,93,109,129,178,215,182,144,119,87,204,216,213,214,214,214,148,157,166,172,178,183,187,190,194,198,210,181,147,117,145,177,218,204,169,128,90,89,209,215,214,215,215,215,149,157,165,172,177,183,187,189,193,199,210,192,165,141,141,181,220,199,157,117,79,104,217,212,214,214,214,214,150,158,166,173,179,183,187,190,196,198,208,194,169,159,140,169,215,182,144,108,76,117,221,211,214,214,214,214,151,160,167,175,179,182,187,192,197,197,203,197,176,175,146,163,204,164,131,103,72,133,224,211,215,215,216,215,151,159,167,173,178,182,188,192,196,198,195,193,181,179,152,157,195,148,120,95,69,157,224,212,215,216,218,218,154,163,170,177,184,188,192,197,199,202,199,191,181,173,150,139,175,131,116,94,73,179,220,212,214,216,217,217,126,133,142,147,152,158,165,172,179,183,185,192,173,157,132,125,149,128,122,88,97,210,218,217,220,221,221,221,90,90,89,91,92,93,96,99,103,103,112,194,165,143,127,126,144,135,120,79,100,148,150,154,160,166,170,180
18,147,156,159,164,171,179,186,193,200,206,211,217,222,225,229,232,234,235,235,236,236,235,236,236,236,233,231,229,150,157,160,168,175,181,188,195,202,207,212,219,223,228,232,236,238,238,239,240,239,239,239,240,239,237,237,236,153,158,162,171,178,185,191,197,204,210,214,220,225,232,234,238,242,242,243,242,244,250,244,243,242,241,242,240,156,161,166,175,183,188,194,201,208,214,219,224,230,234,235,241,243,245,247,251,235,213,246,251,247,247,243,243,159,165,169,179,187,192,197,204,210,216,221,227,232,236,240,241,249,249,237,254,219,143,195,245,240,233,250,247,162,166,173,183,190,197,201,207,214,218,224,229,235,242,242,249,255,251,225,215,210,226,239,183,148,165,185,255,164,167,174,186,196,201,206,212,217,222,228,232,237,234,241,255,255,235,225,241,237,246,222,205,118,152,130,232,165,168,176,189,199,203,210,216,220,227,229,232,255,216,156,255,253,202,232,253,229,211,208,243,138,112,105,195,167,171,179,192,201,208,213,219,225,229,235,255,255,230,146,217,255,196,181,215,178,167,255,250,164,91,77,213,170,174,181,194,204,211,216,223,225,238,255,255,255,255,172,185,255,209,132,137,127,229,255,250,183,98,90,254,171,175,185,198,207,213,219,226,231,255,254,212,255,255,184,150,255,211,147,96,110,255,255,255,197,100,159,255,173,176,187,200,209,216,223,222,255,255,255,204,248,245,170,123,213,182,146,63,139,242,255,255,204,107,205,255,175,178,189,201,211,218,221,235,255,237,200,179,252,188,138,126,160,159,103,184,255,255,255,249,194,113,154,255,178,182,193,205,214,221,220,249,255,244,206,166,219,155,124,110,165,113,158,255,255,255,231,188,173,132,120,255,181,184,196,208,217,224,223,255,255,255,222,149,172,172,82,115,145,152,255,255,255,226,207,151,160,136,127,255,183,186,199,210,219,227,225,255,255,255,225,158,113,114,107,110,140,255,255,255,252,207,173,147,143,109,187,255,186,189,202,213,222,229,230,255,255,255,232,178,143,170,227,188,255,255,255,255,230,197,159,133,118,107,255,255,190,194,206,217,225,230,237,255,255,255,236,198,193,210,228,224,255,255,255,255,215,182,152,126,89,173,255,255,191,196,209,219,227,231,245,255,255,255,244,224,218,202,229,230,255,255,255,238,200,168,136,114,89,255,255,247,193,199,211,223,230,234,244,255,255,255,255,242,232,199,232,239,255,255,255,226,185,156,127,89,166,253,147,90,194,199,213,224,232,239,239,255,255,255,255,250,236,204,222,255,255,255,248,207,166,140,117,91,154,95,46,54,195,200,215,225,233,239,240,255,255,255,255,254,236,212,203,255,249,255,221,180,149,127,104,88,70,77,65,37,192,200,214,223,233,241,243,250,255,255,255,252,236,214,199,239,249,222,201,162,140,121,93,58,54,82,78,31,193,201,215,226,234,241,246,239,255,255,255,255,237,212,192,223,242,207,178,151,133,115,82,66,34,66,78,51,196,203,216,228,236,242,246,249,255,255,255,255,242,206,190,218,227,199,156,140,131,96,66,74,34,39,69,68,195,204,218,229,237,244,244,249,255,255,253,255,231,198,188,208,210,189,143,125,107,78,51,72,43,27,52,72,195,204,218,228,237,245,247,245,255,252,233,252,235,216,189,194,192,174,142,106,79,84,55,48,59,22,39,62,192,202,215,224,235,243,249,244,255,255,240,255,245,224,183,177,179,165,136,97,78,79,65,33,56,28,29,54
19,173,174,176,177,176,177,177,177,177,177,175,175,175,175,175,174,173,172,172,170,170,170,169,168,168,167,167,166,174,174,176,178,178,179,180,179,178,178,177,176,175,176,177,175,174,173,173,173,172,171,170,170,170,169,168,166,176,177,178,179,180,181,181,180,180,181,180,178,172,156,166,178,177,176,175,175,174,173,172,171,171,170,169,168,178,179,180,181,182,182,182,181,181,182,181,189,169,127,119,176,178,179,178,178,177,174,174,173,173,172,171,170,180,181,182,182,183,184,183,182,183,183,185,199,171,133,96,165,180,179,180,179,178,176,174,174,175,174,173,172,181,182,182,183,184,185,185,185,185,183,190,198,168,133,90,160,181,179,180,179,179,177,176,176,176,175,174,173,182,183,184,185,187,186,186,185,186,185,194,192,156,121,84,159,183,180,179,178,182,177,178,178,178,176,176,175,184,186,186,187,187,188,187,186,186,185,196,187,145,120,110,165,176,178,176,183,209,162,167,179,178,178,177,176,186,187,188,188,188,188,188,187,187,187,191,185,170,170,185,191,177,184,187,185,202,139,163,180,180,180,179,177,186,188,190,190,190,189,190,193,201,203,198,185,177,182,187,182,166,160,158,142,130,144,178,181,181,180,179,178,188,190,192,192,191,192,203,211,215,211,197,180,163,152,131,126,121,123,129,144,164,180,184,183,182,181,180,179,189,191,195,204,202,203,209,209,203,196,191,187,185,169,105,121,157,175,182,186,186,185,185,184,183,181,180,179,191,191,206,216,209,203,200,202,203,202,199,194,191,168,104,134,192,189,188,187,187,186,185,185,184,182,181,180,193,192,210,217,206,201,205,210,211,210,201,193,184,150,96,108,187,189,189,188,187,187,187,186,185,184,183,181,194,194,210,209,195,194,202,208,208,199,194,196,196,166,97,80,168,192,190,189,188,188,187,186,186,185,184,181,196,196,211,200,193,193,192,187,192,201,203,196,198,175,97,71,137,194,191,191,190,188,188,187,187,186,184,183,197,199,208,192,197,196,186,184,203,201,193,187,183,152,94,67,112,194,193,192,191,189,189,188,188,186,185,184,198,199,205,206,208,205,207,210,206,196,188,180,166,132,86,65,105,193,194,193,193,192,191,189,189,187,186,185,199,199,204,221,213,205,204,203,193,182,176,185,191,168,98,63,143,198,196,194,194,194,193,192,191,188,187,186,201,201,199,219,213,198,191,173,154,177,202,203,197,180,108,91,187,198,197,195,195,195,195,193,192,190,188,187,202,203,198,204,206,195,188,180,188,207,200,182,171,155,101,86,185,198,197,197,196,197,196,195,193,191,189,187,202,204,202,199,208,214,205,201,203,198,181,167,152,127,85,97,190,200,198,197,197,197,196,195,195,193,190,188,203,205,204,199,206,217,200,190,190,180,164,141,112,85,104,167,200,200,199,198,199,198,196,195,195,194,192,190,204,206,206,198,201,204,190,177,170,151,129,98,72,75,176,203,202,202,201,201,200,198,197,196,195,194,193,191,205,207,208,198,196,196,181,162,149,127,100,79,69,110,203,204,203,203,202,202,201,200,199,198,196,195,193,192,205,207,208,198,188,190,174,154,144,133,97,78,74,98,197,205,204,203,202,201,201,201,200,197,196,194,193,192,204,206,207,197,184,181,173,149,129,108,87,78,76,82,185,204,203,202,201,201,201,201,199,196,195,194,193,191,204,206,207,196,184,176,175,157,134,105,88,81,76,82,186,205,204,203,202,200,200,200,199,197,195,195,193,190
20,127,127,128,130,132,133,133,133,135,136,136,135,135,134,133,129,134,130,130,128,127,127,124,122,122,121,119,117,128,129,130,131,133,134,135,136,137,137,137,137,136,137,136,91,110,139,133,129,128,128,126,125,123,122,120,118,128,130,132,133,135,136,137,138,139,138,138,138,138,139,135,85,72,97,105,134,130,130,128,126,125,123,121,120,130,131,132,135,137,138,138,139,140,140,140,140,140,140,134,91,51,77,71,128,134,131,129,127,126,125,123,122,131,132,134,137,138,140,140,141,142,142,142,142,141,143,137,84,52,94,70,112,139,132,131,130,128,126,126,125,132,133,135,138,139,140,141,143,144,144,144,144,143,145,136,84,57,103,67,99,143,132,132,131,130,128,127,126,132,133,137,139,141,142,143,144,145,146,145,145,144,146,141,94,61,108,78,90,144,135,134,133,132,130,129,128,134,135,138,140,142,143,144,145,146,146,147,147,145,149,140,83,60,114,87,81,144,138,137,134,133,132,131,129,134,136,138,141,144,144,146,146,148,148,149,149,147,157,137,76,74,123,83,73,143,139,139,136,134,133,132,132,135,137,140,143,145,146,147,149,150,150,150,150,146,139,133,91,79,124,87,68,143,141,140,139,136,134,134,132,137,138,141,143,145,147,148,149,150,151,151,154,147,108,109,97,69,118,103,73,142,143,142,140,139,136,134,133,138,139,141,144,146,149,149,150,151,152,152,142,146,148,119,78,60,111,101,70,137,146,142,140,138,137,136,134,138,139,142,145,148,149,150,150,151,152,153,131,110,135,118,78,70,72,82,63,133,149,143,142,139,137,137,135,139,140,143,146,149,150,151,152,153,153,153,151,125,87,119,96,82,77,66,50,128,151,144,142,140,138,137,137,140,141,144,147,150,151,152,154,153,159,139,115,126,67,94,110,97,101,65,41,117,154,143,143,142,140,140,139,140,141,144,148,151,153,153,155,155,160,124,71,116,85,79,106,101,86,60,36,106,157,144,144,143,143,141,139,140,142,146,149,152,153,155,156,156,157,132,104,94,111,76,77,95,102,72,39,93,159,146,146,145,143,141,139,141,143,147,151,151,152,155,156,157,157,136,96,63,64,55,49,85,120,86,45,83,159,146,147,145,143,142,140,142,144,148,151,152,155,156,156,158,153,116,87,68,62,59,86,132,133,106,54,73,156,148,147,146,145,143,141,142,144,148,151,153,155,157,158,158,154,129,101,75,75,82,131,151,132,102,55,74,157,148,148,146,145,144,142,142,145,149,152,153,155,158,157,158,154,135,101,76,82,107,151,135,120,85,46,85,160,148,149,147,145,144,142,143,145,149,151,154,156,158,158,159,152,138,109,87,85,129,153,121,104,83,41,97,161,149,150,148,146,145,144,143,145,149,152,154,157,158,159,160,147,131,109,90,87,135,139,114,95,82,40,110,160,149,150,149,147,144,144,143,146,150,152,155,157,158,160,161,145,129,109,94,90,131,135,111,90,71,40,126,159,150,149,148,147,145,144,144,146,149,153,155,157,158,160,162,154,130,113,105,91,129,135,106,81,59,41,145,157,151,151,150,147,145,144,144,146,149,153,156,158,158,160,161,160,140,121,108,87,110,117,87,68,41,58,160,152,151,151,151,147,145,144,142,144,148,151,154,155,157,158,160,160,151,128,108,96,97,97,80,61,30,108,162,150,150,150,149,146,144,143,141,143,148,151,154,155,157,158,160,158,153,130,107,102,98,96,92,53,49,151,154,151,150,149,147,145,144,143
21,131,135,139,143,145,146,149,152,153,156,157,158,159,162,162,163,165,166,166,168,167,168,168,169,169,169,169,169,133,136,140,144,145,148,151,153,155,158,153,145,162,162,163,165,166,166,168,170,169,170,170,169,170,170,170,170,136,138,141,145,147,150,152,155,155,170,166,111,148,165,164,167,167,168,169,168,167,171,172,171,172,172,172,172,135,140,143,146,149,151,153,157,157,166,184,124,122,169,167,167,169,171,173,159,122,167,174,173,172,172,174,173,137,141,144,147,150,152,155,158,160,160,183,140,112,165,169,169,171,171,180,162,103,157,177,176,174,174,175,175,139,141,145,149,150,153,156,159,161,161,189,173,126,153,172,171,173,173,184,153,105,166,177,176,176,176,175,174,138,142,146,149,152,155,158,159,162,161,189,182,131,138,174,174,175,177,187,144,111,178,179,177,177,176,176,175,139,143,148,151,153,156,159,160,164,163,186,182,136,125,176,175,175,184,183,138,122,182,180,179,178,177,176,177,140,144,148,151,153,157,160,162,163,163,182,187,141,117,175,176,175,185,169,125,133,185,181,181,178,178,178,178,141,145,149,151,155,158,161,163,170,163,149,168,145,121,172,177,179,179,153,107,155,185,182,182,179,179,179,179,141,146,151,152,155,159,162,161,191,183,157,137,106,112,169,179,182,176,144,106,177,184,183,182,180,180,180,180,141,147,151,153,155,158,166,168,148,169,162,140,109,90,162,182,173,166,129,122,186,182,182,182,181,182,181,182,142,147,151,154,156,157,185,181,130,147,177,150,139,128,123,146,153,150,108,149,188,184,184,183,182,183,182,182,143,148,152,154,157,161,169,154,163,143,132,147,168,158,113,90,127,123,97,172,187,186,185,184,183,184,183,182,143,148,152,154,158,162,176,138,119,99,73,98,158,160,126,84,102,103,101,184,186,186,186,185,185,185,183,182,144,149,153,156,158,163,175,123,108,108,88,94,117,171,150,104,85,90,109,188,186,187,187,187,186,186,185,183,144,150,154,156,159,165,179,158,138,119,96,115,113,168,167,126,83,75,118,191,185,187,187,187,187,187,187,185,146,150,153,156,157,169,192,164,131,112,106,128,136,174,185,147,99,69,120,192,186,186,186,186,186,186,185,185,146,150,154,156,159,169,190,152,125,114,123,136,153,189,192,158,116,77,116,192,187,187,187,186,186,186,187,185,145,151,155,157,160,169,192,163,139,129,129,142,169,206,184,155,124,78,117,193,187,187,188,188,187,187,187,186,146,151,155,159,161,168,193,168,145,134,137,147,190,210,180,144,122,80,118,193,187,187,188,188,187,187,187,187,147,151,155,159,163,166,190,175,155,134,143,156,198,200,180,144,119,81,125,194,188,188,188,188,189,189,188,188,146,152,156,158,163,165,190,181,160,144,144,167,200,186,170,144,118,80,130,195,188,189,189,189,188,188,187,188,148,151,155,158,163,165,184,181,164,162,148,168,199,179,161,143,111,80,126,195,189,189,189,189,189,188,188,188,147,152,156,159,162,165,173,183,170,171,161,161,188,171,155,141,108,77,124,195,190,191,190,190,189,189,189,188,146,152,157,158,163,167,169,180,174,173,166,155,168,161,148,136,107,74,131,195,192,192,190,190,191,190,190,189,147,152,156,159,163,166,168,177,176,172,158,148,153,154,142,142,109,76,152,194,192,192,190,191,192,191,190,190,146,151,154,159,161,166,167,180,178,163,149,141,147,154,143,146,109,83,174,192,191,191,191,191,193,191,190,191
22,80,98,121,39,53,94,100,107,110,128,144,152,162,165,187,158,133,184,186,190,197,196,198,199,200,204,205,206,78,114,117,32,63,97,101,109,143,127,145,156,164,169,199,139,112,188,186,192,179,191,200,201,203,204,206,208,78,126,110,27,74,98,93,145,187,98,139,162,162,182,203,127,125,196,188,190,126,155,207,200,205,206,207,209,80,131,99,26,82,102,95,152,183,98,138,167,162,197,201,118,145,194,194,183,114,170,207,202,205,207,208,208,86,138,85,29,88,101,96,151,189,102,133,167,164,200,181,116,164,194,204,168,117,197,204,204,206,207,209,210,97,143,70,35,94,101,96,143,190,104,129,166,169,192,164,110,170,198,203,145,138,208,202,206,206,208,211,212,117,141,56,45,97,102,99,136,187,112,126,167,180,181,149,106,177,202,191,123,167,211,204,207,208,210,213,215,130,138,46,54,98,102,104,129,183,114,119,166,189,188,146,116,196,211,166,110,197,209,207,208,211,212,214,215,135,134,38,64,99,103,107,131,202,122,111,172,182,173,129,118,220,212,141,131,213,207,210,211,214,215,216,216,142,130,30,72,100,104,109,124,218,150,110,168,168,156,104,124,233,191,110,165,215,207,212,213,216,217,218,220,149,121,26,79,102,102,122,126,192,143,95,138,148,150,141,194,213,157,102,196,211,211,213,215,217,219,222,223,156,108,27,89,97,123,184,133,143,121,103,133,145,178,212,211,185,122,125,214,210,214,216,218,221,223,225,225,164,95,30,96,97,130,178,162,146,131,117,135,165,198,211,198,172,100,163,219,212,215,216,220,223,224,226,226,166,80,36,98,101,113,173,187,195,164,108,106,146,185,200,191,160,100,194,215,214,217,220,222,225,226,228,230,165,67,46,102,104,113,182,188,202,149,110,104,114,142,161,167,136,106,208,215,215,218,222,224,226,227,229,231,161,53,55,104,103,115,212,175,162,154,141,121,104,113,122,126,131,108,205,216,216,219,222,225,227,229,232,233,156,42,64,105,102,117,212,165,138,164,162,140,121,113,107,104,121,101,199,219,218,220,224,227,228,232,234,234,148,32,73,107,102,123,220,176,162,145,164,158,144,136,118,94,100,99,197,221,218,222,226,228,230,232,235,235,137,29,81,106,100,131,234,181,171,137,213,185,149,150,115,92,93,94,197,222,219,223,227,228,232,235,236,237,122,29,91,107,101,129,229,200,157,161,255,197,152,139,110,95,93,99,203,221,222,225,228,231,234,236,238,238,106,30,96,106,105,123,227,203,137,187,241,181,155,132,116,104,92,107,213,221,223,226,231,234,234,237,239,241,88,33,99,105,110,113,212,187,139,189,219,179,162,132,115,106,93,120,222,221,225,228,233,235,237,239,242,242,72,41,103,106,113,105,188,180,160,182,211,179,165,148,113,103,93,122,225,224,227,230,233,235,238,240,241,242,53,49,103,105,113,112,154,183,186,180,205,174,151,137,110,102,90,134,230,225,230,233,235,238,239,240,241,242,41,57,106,106,110,117,129,184,192,165,181,163,130,118,106,98,86,149,230,224,230,232,236,240,240,241,244,244,32,65,108,106,110,120,121,175,183,156,160,161,125,123,114,101,80,156,232,225,231,234,237,240,241,243,245,246,27,71,108,105,111,121,124,164,175,150,168,174,158,144,119,103,75,151,236,227,233,235,239,241,243,245,246,246,27,77,107,107,113,121,128,151,194,184,191,183,174,163,130,104,79,140,234,229,234,235,238,241,242,244,246,246
23,153,157,163,166,170,172,175,177,178,179,181,182,183,184,184,184,184,184,183,183,184,183,183,181,181,179,179,178,154,158,164,167,170,173,175,177,179,181,182,183,184,185,184,185,186,186,185,183,184,184,183,182,182,180,181,181,156,161,166,169,172,174,177,179,181,183,185,185,185,185,186,187,187,188,189,189,186,184,184,184,183,182,182,182,157,162,167,170,173,175,178,180,181,183,184,186,187,187,189,188,187,181,165,166,182,188,186,185,185,183,183,182,159,163,168,171,175,177,179,181,182,184,185,189,189,188,189,188,187,173,168,154,162,171,175,188,185,185,185,183,159,164,169,173,175,177,179,182,184,185,188,189,188,194,194,178,198,162,153,165,160,111,134,195,183,185,184,184,159,165,170,173,175,177,180,184,185,187,190,190,193,197,184,143,168,102,100,132,113,114,176,191,186,187,185,184,161,165,170,173,177,180,183,185,185,188,192,190,202,189,184,96,94,132,180,192,180,191,192,188,189,188,186,185,161,167,171,174,179,182,184,186,187,189,190,194,203,188,188,93,147,207,193,197,193,191,190,190,190,189,188,188,163,168,172,176,179,182,185,187,189,190,187,195,193,185,181,156,175,180,148,151,197,192,192,192,191,190,189,189,164,169,175,177,179,182,185,187,191,190,180,180,180,192,191,197,197,183,140,83,188,197,193,193,192,191,191,190,164,169,174,178,181,184,187,189,200,193,170,162,162,170,160,163,175,162,137,76,176,200,192,194,193,192,191,191,165,170,175,179,183,184,187,190,202,185,160,137,149,175,170,162,147,138,137,83,161,204,194,194,194,193,191,191,165,170,176,179,184,188,186,195,205,181,151,135,138,165,177,179,176,151,116,74,148,207,194,195,195,194,192,192,167,171,177,182,185,187,190,207,204,189,172,173,169,149,133,135,153,150,109,55,159,209,194,196,196,196,195,193,169,173,178,182,187,187,196,212,199,187,180,177,177,172,149,133,122,103,86,59,150,202,197,197,197,196,196,195,169,174,179,183,185,189,206,209,204,186,170,158,147,190,169,140,119,82,68,105,133,168,211,196,197,197,196,195,169,174,180,184,181,204,216,209,200,149,135,135,109,148,158,147,97,76,75,109,124,91,176,207,198,197,197,196,170,175,181,178,194,220,214,197,180,142,102,90,87,111,194,156,91,77,75,103,95,62,80,203,201,198,197,196,170,176,177,188,220,218,208,187,164,150,113,69,127,168,193,135,83,70,69,99,85,74,60,175,208,199,198,197,171,176,180,216,222,210,195,176,170,145,104,65,95,128,137,101,65,65,85,93,87,66,87,194,204,200,200,198,173,170,198,228,215,205,185,176,167,133,103,75,55,65,74,78,69,71,98,94,74,102,190,207,202,202,200,199,170,181,225,219,213,196,180,169,153,126,104,77,75,89,94,92,88,78,79,89,145,207,209,203,203,202,200,199,167,213,224,208,203,184,170,158,141,114,91,71,91,108,109,101,89,68,108,191,212,204,203,203,202,202,200,200,125,235,207,198,187,171,159,143,127,105,86,79,99,103,101,81,76,149,210,210,203,204,204,204,202,202,201,200,69,169,208,191,176,160,146,135,116,99,81,82,99,92,70,73,168,217,205,206,206,204,204,204,203,202,201,201,58,63,119,155,149,147,141,126,113,89,69,73,75,68,96,187,216,203,206,207,206,204,204,204,203,202,202,201,63,61,52,72,107,115,100,98,83,49,40,33,76,157,204,212,206,208,208,207,206,206,205,204,204,203,202,200
24,148,153,156,157,158,158,158,158,160,160,160,159,158,159,157,156,155,152,151,150,148,148,147,146,145,142,139,138,150,153,157,159,160,160,161,160,161,162,162,161,160,160,159,157,156,156,153,151,150,150,149,148,146,143,141,139,150,154,158,159,162,163,164,164,163,164,163,162,163,160,160,160,158,157,157,155,153,151,150,150,147,146,144,140,154,157,158,161,163,165,165,165,165,165,165,164,164,161,161,163,160,158,158,157,155,152,151,150,149,147,145,143,156,158,161,164,166,167,166,167,167,167,166,166,165,164,164,163,162,162,160,158,156,154,153,153,152,149,147,145,158,159,163,167,166,165,170,169,169,168,167,167,167,164,165,164,163,163,162,161,158,157,156,155,153,151,149,147,158,163,163,174,166,98,170,173,170,171,170,168,167,167,166,165,165,165,163,161,158,157,157,156,154,153,150,148,161,166,163,188,153,64,162,177,171,173,172,171,171,170,168,166,166,166,164,163,160,160,158,157,157,154,152,150,163,166,165,199,140,66,171,177,174,174,175,173,173,172,169,168,168,166,166,165,163,162,160,158,158,156,155,151,165,167,169,201,148,79,174,175,174,175,174,173,174,174,171,170,170,168,166,166,165,164,163,160,158,157,155,153,167,167,173,204,138,90,175,183,179,178,183,181,175,178,183,177,169,171,169,166,166,165,163,161,161,158,156,155,167,171,173,196,141,80,162,149,160,176,146,158,175,139,108,153,180,170,171,169,167,165,166,164,161,159,157,155,169,174,175,200,178,123,166,131,72,101,125,87,151,119,51,39,147,178,171,169,169,169,167,166,166,167,159,156,171,175,178,197,185,192,191,149,54,61,156,69,93,118,76,6,96,188,170,172,168,156,129,108,100,110,157,158,173,176,179,190,195,193,171,117,44,69,155,57,56,157,102,3,92,191,172,168,153,100,66,37,27,26,116,168,175,174,187,199,186,185,158,93,36,45,92,27,63,174,66,0,97,195,162,158,108,56,14,0,36,48,130,166,176,176,208,213,180,129,122,129,62,3,94,112,130,138,90,32,108,147,136,109,71,16,43,132,165,164,165,162,175,175,216,223,181,125,96,145,125,151,183,171,154,136,129,94,85,84,92,60,20,42,172,183,168,167,164,161,176,177,214,226,185,143,115,154,175,205,180,165,148,128,104,78,69,60,63,32,23,164,180,171,170,168,167,163,177,181,216,224,202,164,131,150,169,184,179,171,138,108,99,71,51,45,34,4,142,187,176,176,173,169,167,165,179,179,212,225,203,153,126,141,167,168,168,161,133,110,88,50,34,14,0,104,191,176,177,176,173,171,168,165,179,189,208,201,171,130,133,151,166,166,151,138,116,84,56,31,0,0,124,194,179,180,178,177,174,173,170,166,189,142,172,201,175,168,157,140,167,160,131,99,61,42,18,0,40,163,196,182,181,180,177,177,176,172,168,166,160,24,26,167,209,177,158,132,160,148,108,65,32,1,0,100,189,190,179,181,181,181,176,175,174,171,167,166,35,7,7,14,143,172,148,151,158,127,83,45,2,46,162,200,185,182,183,182,182,179,176,175,173,169,166,165,12,11,9,5,6,82,105,112,121,77,47,5,67,201,197,188,189,185,184,183,183,181,179,177,175,172,168,167,21,9,0,1,6,0,0,0,0,0,0,0,48,179,192,190,189,186,185,184,183,183,181,179,175,173,171,167,7,3,0,0,0,6,0,0,0,0,0,0,0,145,201,188,189,186,184,185,184,181,181,179,175,173,171,167
